token_address,price_in_sol,block_time,tx_hash,pool_address
TOKEN1,0.001234,2024-01-01T10:00:00Z,hash1,pool1
TOKEN2,0.002345,2024-01-01T10:01:00Z,hash2,pool2
TOKEN3,0.003456,2024-01-01T10:02:00Z,hash3,pool3
TOKEN4,0.004567,2024-01-01T10:03:00Z,hash4,pool4
TOKEN5,0.005678,2024-01-01T10:04:00Z,hash5,pool5
TOKEN1,0.001345,2024-01-01T10:05:00Z,hash6,pool1
TOKEN2,0.002456,2024-01-01T10:06:00Z,hash7,pool2
TOKEN3,0.003567,2024-01-01T10:07:00Z,hash8,pool3
TOKEN4,0.004678,2024-01-01T10:08:00Z,hash9,pool4
TOKEN5,0.005789,2024-01-01T10:09:00Z,hash10,pool5
TOKEN1,0.001456,2024-01-01T10:10:00Z,hash11,pool1
TOKEN2,0.002567,2024-01-01T10:11:00Z,hash12,pool2
TOKEN3,0.003678,2024-01-01T10:12:00Z,hash13,pool3
TOKEN4,0.004789,2024-01-01T10:13:00Z,hash14,pool4
TOKEN5,0.005890,2024-01-01T10:14:00Z,hash15,pool5